CREATE TABLE USUARIO(
    CPF char(14) PRIMARY KEY NOT NULL,
    NOME varchar2(100) NOT NULL,
    LOGIN varchar2(15) UNIQUE NOT NULL,
    SENHA varchar2(20) NOT NULL
);

CREATE TABLE STATUS(
    ID_STATUS INT NOT NULL,
    DESCRICAO VARCHAR2(20) UNIQUE NOT NULL,
    CONSTRAINT PK_ID_STATUS PRIMARY KEY ( ID_STATUS )
);

CREATE TABLE ITEM(
    ID_ITEM INT NOT NULL,
    DESCRICAO VARCHAR2(20) UNIQUE NOT NULL,
    CONSTRAINT PK_ID_ITEM PRIMARY KEY ( ID_ITEM )  
);

CREATE TABLE INVENTARIO(
    ID_INVENTARIO INT NOT NULL,
    CONSTRAINT PK_ID_INVENTARIO PRIMARY KEY ( ID_INVENTARIO )
);

CREATE TABLE ITEM_X_INVENTARIO(
    ID_ITEM INT NOT NULL,
    ID_INVENTARIO INT NOT NULL,
    QUANTIDADE INT DEFAULT 0 NOT NULL,
    CONSTRAINT PK_ID_ITEM_X_INVENTARIO PRIMARY KEY ( ID_ITEM, ID_INVENTARIO ),
    CONSTRAINT FK_ID_ITEM FOREIGN KEY ( ID_ITEM ) REFERENCES ITEM( ID_ITEM ),
    CONSTRAINT FK_ID_INVENTARIO FOREIGN KEY ( ID_INVENTARIO ) REFERENCES INVENTARIO( ID_INVENTARIO )
);

CREATE TABLE TIPO_PERSONAGEM(
    ID_TIPO_PERSONAGEM INT PRIMARY KEY NOT NULL,
    DESCRICAO VARCHAR2(20) UNIQUE NOT NULL
);

CREATE TABLE PERSONAGEM(
    ID_PERSONAGEM INT PRIMARY KEY NOT NULL,
    NOME VARCHAR2(20) UNIQUE NOT NULL,
    EXPERIENCIA INT DEFAULT 0 NOT NULL,
    VIDA DECIMAL(4,2) NOT NULL,
    QTD_DANO DECIMAL(4,2) DEFAULT 0 NOT NULL,
    QTD_EXPERIENCIA_POR_ATAQUE INT DEFAULT 1 NOT NULL,
    FK_STATUS INT NOT NULL,
    FK_INVENTARIO INT NOT NULL,
    FK_TIPO_PERSONAGEM INT NOT NULL,
    CONSTRAINT FK_STATUS_ID FOREIGN KEY ( FK_STATUS ) REFERENCES STATUS( ID_STATUS ),
    CONSTRAINT FK_INVENTARIO_ID FOREIGN KEY ( FK_INVENTARIO ) REFERENCES INVENTARIO( ID_INVENTARIO ),
    CONSTRAINT FK_TIPO_PERSONAGEM_ID FOREIGN KEY ( FK_TIPO_PERSONAGEM ) REFERENCES TIPO_PERSONAGEM( ID_TIPO_PERSONAGEM )
);

-- DROP TABLE PERSONAGEM;


CREATE TABLE BANCO(
    CODIGO CHAR(4) PRIMARY KEY NOT NULL,
    NOME VARCHAR2(50) UNIQUE NOT NULL
);

CREATE TABLE PAIS(
    ID_PAIS INT PRIMARY KEY NOT NULL,
    NOME VARCHAR2(50) UNIQUE NOT NULL
);

CREATE TABLE ESTADO(
    ID_ESTADO INT PRIMARY KEY NOT NULL,
    ID_PAIS INT NOT NULL,
    NOME VARCHAR2(50) UNIQUE NOT NULL,
    CONSTRAINT FK_ID_PAIS FOREIGN KEY ( ID_PAIS ) REFERENCES PAIS( ID_PAIS )
);

CREATE TABLE CIDADE(
    ID_CIDADE INT NOT NULL,
    ID_ESTADO INT NOT NULL,
    NOME VARCHAR2(50) NOT NULL,
    CONSTRAINT PK_ID_CIDADE_ESTADO PRIMARY KEY ( ID_CIDADE, ID_ESTADO ),
    CONSTRAINT FK_ID_ESTADO FOREIGN KEY ( ID_ESTADO ) REFERENCES ESTADO( ID_ESTADO )
);

CREATE TABLE BAIRRO(
    ID_BAIRRO INT NOT NULL,
    ID_CIDADE INT NOT NULL,
    ID_ESTADO INT NOT NULL,
    NOME VARCHAR2(50) NOT NULL,
    CONSTRAINT PK_ID_BAIRRO_CIDADE PRIMARY KEY ( ID_BAIRRO, ID_CIDADE ),
    CONSTRAINT FK_ID_CIDADE_ESTADO FOREIGN KEY ( ID_CIDADE, ID_ESTADO ) REFERENCES CIDADE( ID_CIDADE, ID_ESTADO )
);

CREATE TABLE ENDERECO(
    ID_ENDERECO INT PRIMARY KEY NOT NULL,
    ID_BAIRRO INT NOT NULL,
    ID_CIDADE INT NOT NULL,
    LOGRADOURO VARCHAR2(255) NOT NULL,
    NUMERO INT NOT NULL,
    COMPLEMENTO VARCHAR2(100) NULL,
    CEP CHAR(9) NULL,
    CONSTRAINT FK_ID_BAIRRO_CIDADE FOREIGN KEY ( ID_BAIRRO, ID_CIDADE ) REFERENCES BAIRRO( ID_BAIRRO, ID_CIDADE )
);

CREATE TABLE AGENCIA(
    CODIGO CHAR(6) NOT NULL,
    ID_BANCO CHAR(4) NOT NULL,
    ID_ENDERECO INT NOT NULL,
    NOME VARCHAR2(100) NOT NULL,
    CONSTRAINT PK_CODIGO_ID_BANCO PRIMARY KEY ( CODIGO, ID_BANCO ),
    CONSTRAINT FK_ID_BANCO FOREIGN KEY ( ID_BANCO ) REFERENCES BANCO( CODIGO ),
    CONSTRAINT FK_ID_ENDERECO FOREIGN KEY ( ID_ENDERECO ) REFERENCES ENDERECO( ID_ENDERECO )
);

CREATE TABLE CONSOLIDACAO(
    ID_CONSOLIDACAO INT PRIMARY KEY NOT NULL,
    FK_CODIGO CHAR(6) NOT NULL,
    ID_BANCO CHAR(4) NOT NULL,
    SALDO_ATUAL DECIMAL(18,2) NOT NULL,
    SAQUES DECIMAL(18,2) NOT NULL,
    DEPOSITOS DECIMAL(18,2) NOT NULL,
    NUMERO_CORRENTISTA INT NOT NULL,
    CONSTRAINT FK_CODIGO_ID_BANCO FOREIGN KEY ( FK_CODIGO, ID_BANCO ) REFERENCES AGENCIA( CODIGO, ID_BANCO )
);

CREATE TABLE TIPO_CONTA(
    ID_TIPO_CONTA INT PRIMARY KEY NOT NULL,
    NOME VARCHAR2(20) NOT NULL
);

CREATE TABLE CONTA(
    CODIGO INT NOT NULL,
    CODIGO_AGENCIA CHAR(6) NOT NULL,
    ID_BANCO CHAR(4) NOT NULL,
    TIPO_CONTA INT NOT NULL,
    SALDO DECIMAL(18,2) DEFAULT 0.0 NOT NULL,
    CONSTRAINT PK_CODIGO PRIMARY KEY ( CODIGO ),
    CONSTRAINT FK_TIPO_CONTA FOREIGN KEY ( TIPO_CONTA ) REFERENCES TIPO_CONTA( ID_TIPO_CONTA ),
    CONSTRAINT FK_CODIGO_AGENCIA FOREIGN KEY ( CODIGO_AGENCIA, ID_BANCO ) REFERENCES AGENCIA( CODIGO, ID_BANCO )
);

CREATE TABLE MOVIMENTACOES(
    ID_MOVIMENTACOES INT PRIMARY KEY NOT NULL,
    CODIGO INT NOT NULL,
    TIPO VARCHAR2(10) CHECK( TIPO IN ('DÉBITO', 'CRÉDITO') ),
    VALOR DECIMAL(18,2) NOT NULL,
    CONSTRAINT FK_CODIGO_CONTA FOREIGN KEY ( CODIGO ) REFERENCES CONTA( CODIGO )
);

CREATE TABLE CLIENTE(
    CPF CHAR(14) PRIMARY KEY NOT NULL,
    NOME VARCHAR2(100) NOT NULL,
    DATA_NASCIMENTO CHAR(10) NOT NULL,
    ESTADO_CIVIL VARCHAR2(20) CHECK( ESTADO_CIVIL IN ('SOLTEIRX', 'CASADX', 'DIVORCIADX', 'UNIÃO ESTÁVEL', 'VIUVX') )
);

CREATE TABLE CLIENTE_X_ENDERECO(
    ID_CLIENTE CHAR(14) NOT NULL,
    ID_ENDERECO INT NOT NULL,
    CONSTRAINT PK_ID_CLIENTE_ENDERECO PRIMARY KEY ( ID_CLIENTE, ID_ENDERECO ),
    CONSTRAINT FK_ID_ENDERECO_2 FOREIGN KEY ( ID_ENDERECO ) REFERENCES ENDERECO( ID_ENDERECO ),
    CONSTRAINT FK_ID_CLIENTE FOREIGN KEY ( ID_CLIENTE ) REFERENCES CLIENTE( CPF )
);

CREATE TABLE CLIENTE_X_CONTA(
    ID_CLIENTE CHAR(14) NOT NULL,
    CODIGO INT NOT NULL,
    ID_BANCO CHAR(4) NOT NULL,
    TIPO_CONTA INT NOT NULL,
    CONSTRAINT PK_CLIENTE_BANCO_TIPO PRIMARY KEY ( ID_CLIENTE, ID_BANCO, TIPO_CONTA ),
    CONSTRAINT FK_ID_BANCO_2 FOREIGN KEY ( ID_BANCO ) REFERENCES BANCO( CODIGO ),
    CONSTRAINT FK_CODIGO_CONTA_2 FOREIGN KEY ( CODIGO ) REFERENCES CONTA( CODIGO ),
    CONSTRAINT FK_TIPO_CONTA_2 FOREIGN KEY ( TIPO_CONTA ) REFERENCES TIPO_CONTA( ID_TIPO_CONTA ),
    CONSTRAINT FK_ID_CLIENTE_2 FOREIGN KEY ( ID_CLIENTE ) REFERENCES CLIENTE( CPF )
);

CREATE TABLE GERENTE(
    CPF CHAR(14) PRIMARY KEY NOT NULL,
    FK_CODIGO CHAR(6) NOT NULL,
    ID_BANCO CHAR(4) NOT NULL,
    CODIGO_FUNCIONARIO INT NOT NULL,
    TIPO_GERENTE CHAR(2) CHECK( TIPO_GERENTE IN ('GC', 'GG') ), 
    CONSTRAINT FK_ID_CLIENTE_3 FOREIGN KEY ( CPF ) REFERENCES CLIENTE( CPF ),
    CONSTRAINT FK_CODIGO_ID_BANCO_2 FOREIGN KEY ( FK_CODIGO, ID_BANCO ) REFERENCES AGENCIA( CODIGO, ID_BANCO )
);


CREATE TABLE GERENTE_X_CONTA(
    CPF CHAR(14) NOT NULL,
    CODIGO INT NOT NULL,
    CONSTRAINT PK_CPF_CODIGO_CONTA PRIMARY KEY ( CPF, CODIGO ),
    CONSTRAINT FK_CODIGO_CONTA_3 FOREIGN KEY ( CODIGO ) REFERENCES CONTA( CODIGO ),
    CONSTRAINT FK_ID_CLIENTE_4 FOREIGN KEY ( CPF ) REFERENCES CLIENTE( CPF )
);

INSERT INTO BANCO (CODIGO, NOME) VALUES ( '011', 'BANCO ALFA' );

INSERT INTO PAIS (ID_PAIS, NOME) VALUES ( 1, 'BRASIL');
INSERT INTO ESTADO (ID_ESTADO, ID_PAIS, NOME) VALUES ( 1, 1, 'NA' );
INSERT INTO CIDADE (ID_CIDADE, ID_ESTADO, NOME) VALUES ( 1, 1, 'NA' );
INSERT INTO BAIRRO (ID_BAIRRO, ID_CIDADE, ID_ESTADO, NOME) VALUES ( 1, 1, 1, 'NA' );
INSERT INTO ENDERECO (ID_ENDERECO, ID_BAIRRO, ID_CIDADE, LOGRADOURO, NUMERO, COMPLEMENTO)
        VALUES ( 1, 1, 1, 'RUA TESTANDO', 55, 'LOJA 1' );
INSERT INTO AGENCIA( CODIGO, ID_BANCO, ID_ENDERECO, NOME ) VALUES ( '0001', '011', 1, 'WEB' );

INSERT INTO PAIS (ID_PAIS, NOME) VALUES (2, 'EUA');
INSERT INTO ESTADO (ID_ESTADO, ID_PAIS, NOME) VALUES ( 2, 2, 'CALIFORNIA' );
INSERT INTO CIDADE (ID_CIDADE, ID_ESTADO, NOME) VALUES ( 2, 2, 'SAN FRANCISCO' );
INSERT INTO BAIRRO (ID_BAIRRO, ID_CIDADE, ID_ESTADO, NOME) VALUES ( 2, 2, 2, 'BETWEEN HYDE AND POWEL STREETS' );
INSERT INTO ENDERECO (ID_ENDERECO, ID_BAIRRO, ID_CIDADE, LOGRADOURO, NUMERO)
        VALUES ( 2, 2, 2, 'RUA TESTING', 122 );
INSERT INTO AGENCIA( CODIGO, ID_BANCO, ID_ENDERECO, NOME ) VALUES ( '0002', '011', 2, 'CALIFORNIA' );

INSERT INTO PAIS (ID_PAIS, NOME) VALUES (3, 'ENGLAND');
INSERT INTO ESTADO (ID_ESTADO, ID_PAIS, NOME) VALUES ( 3, 3, 'BOROUGHTS' );
INSERT INTO CIDADE (ID_CIDADE, ID_ESTADO, NOME) VALUES ( 3, 3, 'LONDRES' );
INSERT INTO BAIRRO (ID_BAIRRO, ID_CIDADE, ID_ESTADO, NOME) VALUES ( 3, 3, 3, 'CROYDON' );
INSERT INTO ENDERECO (ID_ENDERECO, ID_BAIRRO, ID_CIDADE, LOGRADOURO, NUMERO)
        VALUES ( 3, 3, 3, 'TESING', 525 );
INSERT INTO AGENCIA( CODIGO, ID_BANCO, ID_ENDERECO, NOME ) VALUES ( '0101', '011', 3, 'LONDRES' );


INSERT INTO BANCO (CODIGO, NOME) VALUES ( '241', 'BANCO BETA' );

INSERT INTO ENDERECO (ID_ENDERECO, ID_BAIRRO, ID_CIDADE, LOGRADOURO, NUMERO, COMPLEMENTO)
        VALUES ( 4, 1, 1, 'RUA TESTANDO', 55, 'LOJA 2' );
INSERT INTO AGENCIA( CODIGO, ID_BANCO, ID_ENDERECO, NOME ) VALUES ( '0001', '241', 4, 'WEB' );


INSERT INTO BANCO (CODIGO, NOME) VALUES ( '307', 'BANCO OMEGA' );

INSERT INTO ENDERECO (ID_ENDERECO, ID_BAIRRO, ID_CIDADE, LOGRADOURO, NUMERO, COMPLEMENTO)
        VALUES ( 5, 1, 1, 'RUA TESTANDO', 55, 'LOJA 3' );
INSERT INTO AGENCIA( CODIGO, ID_BANCO, ID_ENDERECO, NOME ) VALUES ( '0001', '307', 5, 'WEB' );

INSERT INTO ESTADO (ID_ESTADO, ID_PAIS, NOME) VALUES ( 4, 1, 'SAO PAULO' );
INSERT INTO CIDADE (ID_CIDADE, ID_ESTADO, NOME) VALUES ( 4, 4, 'ITU' );
INSERT INTO BAIRRO (ID_BAIRRO, ID_CIDADE, ID_ESTADO, NOME) VALUES ( 4, 4, 4, 'QUALQUER' );
INSERT INTO ENDERECO (ID_ENDERECO, ID_BAIRRO, ID_CIDADE, LOGRADOURO, NUMERO)
        VALUES ( 6, 4, 4, 'RUA DO MEIO', 2233);
INSERT INTO AGENCIA( CODIGO, ID_BANCO, ID_ENDERECO, NOME ) VALUES ( '8761', '307', 6, 'ITU' );

INSERT INTO PAIS (ID_PAIS, NOME) VALUES ( 4, 'ARGENTINA');
INSERT INTO ESTADO (ID_ESTADO, ID_PAIS, NOME) VALUES ( 5, 4, 'BUENOS AIRES' );
INSERT INTO CIDADE (ID_CIDADE, ID_ESTADO, NOME) VALUES ( 5, 5, 'BUENOS AIRES' );
INSERT INTO BAIRRO (ID_BAIRRO, ID_CIDADE, ID_ESTADO, NOME) VALUES ( 5, 5, 5, 'CAMINITO' );
INSERT INTO ENDERECO (ID_ENDERECO, ID_BAIRRO, ID_CIDADE, LOGRADOURO, NUMERO)
        VALUES ( 7, 5, 5, 'RUA DO BOCA', 222);
INSERT INTO AGENCIA( CODIGO, ID_BANCO, ID_ENDERECO, NOME ) VALUES ( '4567', '307', 7, 'HERMANA' );

INSERT INTO CLIENTE ( CPF, NOME, DATA_NASCIMENTO, ESTADO_CIVIL ) VALUES ('123.456.789.10', 'FULANO', '05/12/1999', 'SOLTEIRX');
INSERT INTO CLIENTE ( CPF, NOME, DATA_NASCIMENTO, ESTADO_CIVIL ) VALUES ('123.456.789.20', 'FULANO1', '05/12/1999', 'SOLTEIRX');
INSERT INTO CLIENTE ( CPF, NOME, DATA_NASCIMENTO, ESTADO_CIVIL ) VALUES ('123.456.789.30', 'FULANO2', '05/12/1999', 'SOLTEIRX');
INSERT INTO CLIENTE ( CPF, NOME, DATA_NASCIMENTO, ESTADO_CIVIL ) VALUES ('123.456.789.40', 'FULANO3', '05/12/1999', 'SOLTEIRX');
INSERT INTO CLIENTE ( CPF, NOME, DATA_NASCIMENTO, ESTADO_CIVIL ) VALUES ('123.456.789.50', 'FULANO4', '05/12/1999', 'SOLTEIRX');
INSERT INTO CLIENTE ( CPF, NOME, DATA_NASCIMENTO, ESTADO_CIVIL ) VALUES ('123.456.789.60', 'FULANO5', '05/12/1999', 'SOLTEIRX');
INSERT INTO CLIENTE ( CPF, NOME, DATA_NASCIMENTO, ESTADO_CIVIL ) VALUES ('123.456.789.70', 'FULANO6', '05/12/1999', 'SOLTEIRX');
INSERT INTO CLIENTE ( CPF, NOME, DATA_NASCIMENTO, ESTADO_CIVIL ) VALUES ('123.456.789.80', 'FULANO7', '05/12/1999', 'SOLTEIRX');
INSERT INTO CLIENTE ( CPF, NOME, DATA_NASCIMENTO, ESTADO_CIVIL ) VALUES ('123.456.789.90', 'FULANO8', '05/12/1999', 'SOLTEIRX');
INSERT INTO CLIENTE ( CPF, NOME, DATA_NASCIMENTO, ESTADO_CIVIL ) VALUES ('123.456.789.11', 'FULANO9', '05/12/1999', 'SOLTEIRX');
INSERT INTO CLIENTE ( CPF, NOME, DATA_NASCIMENTO, ESTADO_CIVIL ) VALUES ('123.456.789.12', 'FULANO10', '05/12/1999', 'SOLTEIRX');
INSERT INTO CLIENTE ( CPF, NOME, DATA_NASCIMENTO, ESTADO_CIVIL ) VALUES ('123.456.789.13', 'FULANO11', '05/12/1999', 'CASADX');
INSERT INTO CLIENTE ( CPF, NOME, DATA_NASCIMENTO, ESTADO_CIVIL ) VALUES ('123.456.789.14', 'FULANO12', '05/12/1999', 'CASADX');
INSERT INTO CLIENTE ( CPF, NOME, DATA_NASCIMENTO, ESTADO_CIVIL ) VALUES ('123.456.789.15', 'FULANO13', '05/12/1999', 'CASADX');
INSERT INTO CLIENTE ( CPF, NOME, DATA_NASCIMENTO, ESTADO_CIVIL ) VALUES ('123.456.789.16', 'FULANO14', '05/12/1999', 'CASADX');
INSERT INTO CLIENTE ( CPF, NOME, DATA_NASCIMENTO, ESTADO_CIVIL ) VALUES ('123.456.789.17', 'FULANO15', '05/12/1999', 'CASADX');
INSERT INTO CLIENTE ( CPF, NOME, DATA_NASCIMENTO, ESTADO_CIVIL ) VALUES ('123.456.789.18', 'FULANO16', '05/12/1999', 'CASADX');

INSERT INTO TIPO_CONTA (ID_TIPO_CONTA, NOME) VALUES (1, 'PF');
INSERT INTO TIPO_CONTA (ID_TIPO_CONTA, NOME) VALUES (2, 'PJ');
INSERT INTO TIPO_CONTA (ID_TIPO_CONTA, NOME) VALUES (3, 'CONJUNTA');

--ADICIONAR AO BANCO 011

INSERT INTO CONTA(CODIGO, CODIGO_AGENCIA, ID_BANCO, TIPO_CONTA) VALUES (1, '0001', '011', 1);
INSERT INTO CONTA(CODIGO, CODIGO_AGENCIA, ID_BANCO, TIPO_CONTA) VALUES (2, '0001', '011', 1);
INSERT INTO CONTA(CODIGO, CODIGO_AGENCIA, ID_BANCO, TIPO_CONTA) VALUES (3, '0001', '011', 1);
INSERT INTO CONTA(CODIGO, CODIGO_AGENCIA, ID_BANCO, TIPO_CONTA) VALUES (4, '0002', '011', 1);
INSERT INTO CONTA(CODIGO, CODIGO_AGENCIA, ID_BANCO, TIPO_CONTA) VALUES (5, '0002', '011', 1);
INSERT INTO CONTA(CODIGO, CODIGO_AGENCIA, ID_BANCO, TIPO_CONTA) VALUES (6, '0002', '011', 2);
INSERT INTO CONTA(CODIGO, CODIGO_AGENCIA, ID_BANCO, TIPO_CONTA) VALUES (7, '0101', '011', 2);
INSERT INTO CONTA(CODIGO, CODIGO_AGENCIA, ID_BANCO, TIPO_CONTA) VALUES (8, '0101', '011', 3);
INSERT INTO CONTA(CODIGO, CODIGO_AGENCIA, ID_BANCO, TIPO_CONTA) VALUES (9, '0101', '011', 3);
INSERT INTO CONTA(CODIGO, CODIGO_AGENCIA, ID_BANCO, TIPO_CONTA) VALUES (10, '0101', '011', 3);

INSERT INTO CLIENTE_X_CONTA(ID_CLIENTE, CODIGO, ID_BANCO, TIPO_CONTA) VALUES ('123.456.789.10', 1, '011', 1); 
INSERT INTO CLIENTE_X_CONTA(ID_CLIENTE, CODIGO, ID_BANCO, TIPO_CONTA) VALUES ('123.456.789.20', 2, '011', 1); 
INSERT INTO CLIENTE_X_CONTA(ID_CLIENTE, CODIGO, ID_BANCO, TIPO_CONTA) VALUES ('123.456.789.30', 3, '011', 1); 
INSERT INTO CLIENTE_X_CONTA(ID_CLIENTE, CODIGO, ID_BANCO, TIPO_CONTA) VALUES ('123.456.789.40', 4, '011', 1); 
INSERT INTO CLIENTE_X_CONTA(ID_CLIENTE, CODIGO, ID_BANCO, TIPO_CONTA) VALUES ('123.456.789.50', 5, '011', 1); 
INSERT INTO CLIENTE_X_CONTA(ID_CLIENTE, CODIGO, ID_BANCO, TIPO_CONTA) VALUES ('123.456.789.60', 6, '011', 2); 
INSERT INTO CLIENTE_X_CONTA(ID_CLIENTE, CODIGO, ID_BANCO, TIPO_CONTA) VALUES ('123.456.789.70', 6, '011', 2); 
INSERT INTO CLIENTE_X_CONTA(ID_CLIENTE, CODIGO, ID_BANCO, TIPO_CONTA) VALUES ('123.456.789.80', 6, '011', 2); 
INSERT INTO CLIENTE_X_CONTA(ID_CLIENTE, CODIGO, ID_BANCO, TIPO_CONTA) VALUES ('123.456.789.90', 7, '011', 2); 
INSERT INTO CLIENTE_X_CONTA(ID_CLIENTE, CODIGO, ID_BANCO, TIPO_CONTA) VALUES ('123.456.789.11', 7, '011', 2); 
INSERT INTO CLIENTE_X_CONTA(ID_CLIENTE, CODIGO, ID_BANCO, TIPO_CONTA) VALUES ('123.456.789.12', 7, '011', 2); 
INSERT INTO CLIENTE_X_CONTA(ID_CLIENTE, CODIGO, ID_BANCO, TIPO_CONTA) VALUES ('123.456.789.13', 8, '011', 3); 
INSERT INTO CLIENTE_X_CONTA(ID_CLIENTE, CODIGO, ID_BANCO, TIPO_CONTA) VALUES ('123.456.789.14', 8, '011', 3); 
INSERT INTO CLIENTE_X_CONTA(ID_CLIENTE, CODIGO, ID_BANCO, TIPO_CONTA) VALUES ('123.456.789.15', 9, '011', 3); 
INSERT INTO CLIENTE_X_CONTA(ID_CLIENTE, CODIGO, ID_BANCO, TIPO_CONTA) VALUES ('123.456.789.16', 9, '011', 3); 
INSERT INTO CLIENTE_X_CONTA(ID_CLIENTE, CODIGO, ID_BANCO, TIPO_CONTA) VALUES ('123.456.789.17', 10, '011', 3); 
INSERT INTO CLIENTE_X_CONTA(ID_CLIENTE, CODIGO, ID_BANCO, TIPO_CONTA) VALUES ('123.456.789.18', 10, '011', 3); 

--ADICIONAR AO BANCO 241

INSERT INTO CONTA(CODIGO, CODIGO_AGENCIA, ID_BANCO, TIPO_CONTA) VALUES (11, '0001', '241', 1);
INSERT INTO CONTA(CODIGO, CODIGO_AGENCIA, ID_BANCO, TIPO_CONTA) VALUES (12, '0001', '241', 1);
INSERT INTO CONTA(CODIGO, CODIGO_AGENCIA, ID_BANCO, TIPO_CONTA) VALUES (13, '0001', '241', 1);
INSERT INTO CONTA(CODIGO, CODIGO_AGENCIA, ID_BANCO, TIPO_CONTA) VALUES (14, '0001', '241', 1);
INSERT INTO CONTA(CODIGO, CODIGO_AGENCIA, ID_BANCO, TIPO_CONTA) VALUES (15, '0001', '241', 1);
INSERT INTO CONTA(CODIGO, CODIGO_AGENCIA, ID_BANCO, TIPO_CONTA) VALUES (16, '0001', '241', 2);
INSERT INTO CONTA(CODIGO, CODIGO_AGENCIA, ID_BANCO, TIPO_CONTA) VALUES (17, '0001', '241', 2);
INSERT INTO CONTA(CODIGO, CODIGO_AGENCIA, ID_BANCO, TIPO_CONTA) VALUES (18, '0001', '241', 3);
INSERT INTO CONTA(CODIGO, CODIGO_AGENCIA, ID_BANCO, TIPO_CONTA) VALUES (19, '0001', '241', 3);
INSERT INTO CONTA(CODIGO, CODIGO_AGENCIA, ID_BANCO, TIPO_CONTA) VALUES (20, '0001', '241', 3);

INSERT INTO CLIENTE_X_CONTA(ID_CLIENTE, CODIGO, ID_BANCO, TIPO_CONTA) VALUES ('123.456.789.10', 11, '241', 1); 
INSERT INTO CLIENTE_X_CONTA(ID_CLIENTE, CODIGO, ID_BANCO, TIPO_CONTA) VALUES ('123.456.789.20', 12, '241', 1); 
INSERT INTO CLIENTE_X_CONTA(ID_CLIENTE, CODIGO, ID_BANCO, TIPO_CONTA) VALUES ('123.456.789.30', 13, '241', 1); 
INSERT INTO CLIENTE_X_CONTA(ID_CLIENTE, CODIGO, ID_BANCO, TIPO_CONTA) VALUES ('123.456.789.40', 14, '241', 1); 
INSERT INTO CLIENTE_X_CONTA(ID_CLIENTE, CODIGO, ID_BANCO, TIPO_CONTA) VALUES ('123.456.789.50', 15, '241', 1); 
INSERT INTO CLIENTE_X_CONTA(ID_CLIENTE, CODIGO, ID_BANCO, TIPO_CONTA) VALUES ('123.456.789.60', 16, '241', 2); 
INSERT INTO CLIENTE_X_CONTA(ID_CLIENTE, CODIGO, ID_BANCO, TIPO_CONTA) VALUES ('123.456.789.70', 16, '241', 2); 
INSERT INTO CLIENTE_X_CONTA(ID_CLIENTE, CODIGO, ID_BANCO, TIPO_CONTA) VALUES ('123.456.789.80', 16, '241', 2); 
INSERT INTO CLIENTE_X_CONTA(ID_CLIENTE, CODIGO, ID_BANCO, TIPO_CONTA) VALUES ('123.456.789.90', 17, '241', 2); 
INSERT INTO CLIENTE_X_CONTA(ID_CLIENTE, CODIGO, ID_BANCO, TIPO_CONTA) VALUES ('123.456.789.11', 17, '241', 2); 
INSERT INTO CLIENTE_X_CONTA(ID_CLIENTE, CODIGO, ID_BANCO, TIPO_CONTA) VALUES ('123.456.789.12', 17, '241', 2); 
INSERT INTO CLIENTE_X_CONTA(ID_CLIENTE, CODIGO, ID_BANCO, TIPO_CONTA) VALUES ('123.456.789.13', 18, '241', 3); 
INSERT INTO CLIENTE_X_CONTA(ID_CLIENTE, CODIGO, ID_BANCO, TIPO_CONTA) VALUES ('123.456.789.14', 18, '241', 3); 
INSERT INTO CLIENTE_X_CONTA(ID_CLIENTE, CODIGO, ID_BANCO, TIPO_CONTA) VALUES ('123.456.789.15', 19, '241', 3); 
INSERT INTO CLIENTE_X_CONTA(ID_CLIENTE, CODIGO, ID_BANCO, TIPO_CONTA) VALUES ('123.456.789.16', 19, '241', 3); 
INSERT INTO CLIENTE_X_CONTA(ID_CLIENTE, CODIGO, ID_BANCO, TIPO_CONTA) VALUES ('123.456.789.17', 20, '241', 3); 
INSERT INTO CLIENTE_X_CONTA(ID_CLIENTE, CODIGO, ID_BANCO, TIPO_CONTA) VALUES ('123.456.789.18', 20, '241', 3); 

--ADICIONAR AO BANCO 307


INSERT INTO CONTA(CODIGO, CODIGO_AGENCIA, ID_BANCO, TIPO_CONTA) VALUES (21, '0001', '307', 1);
INSERT INTO CONTA(CODIGO, CODIGO_AGENCIA, ID_BANCO, TIPO_CONTA) VALUES (22, '0001', '307', 1);
INSERT INTO CONTA(CODIGO, CODIGO_AGENCIA, ID_BANCO, TIPO_CONTA) VALUES (23, '0001', '307', 1);
INSERT INTO CONTA(CODIGO, CODIGO_AGENCIA, ID_BANCO, TIPO_CONTA) VALUES (24, '8761', '307', 1);
INSERT INTO CONTA(CODIGO, CODIGO_AGENCIA, ID_BANCO, TIPO_CONTA) VALUES (25, '8761', '307', 1);
INSERT INTO CONTA(CODIGO, CODIGO_AGENCIA, ID_BANCO, TIPO_CONTA) VALUES (26, '8761', '307', 2);
INSERT INTO CONTA(CODIGO, CODIGO_AGENCIA, ID_BANCO, TIPO_CONTA) VALUES (27, '4567', '307', 2);
INSERT INTO CONTA(CODIGO, CODIGO_AGENCIA, ID_BANCO, TIPO_CONTA) VALUES (28, '4567', '307', 3);
INSERT INTO CONTA(CODIGO, CODIGO_AGENCIA, ID_BANCO, TIPO_CONTA) VALUES (29, '4567', '307', 3);
INSERT INTO CONTA(CODIGO, CODIGO_AGENCIA, ID_BANCO, TIPO_CONTA) VALUES (30, '4567', '307', 3);

INSERT INTO CLIENTE_X_CONTA(ID_CLIENTE, CODIGO, ID_BANCO, TIPO_CONTA) VALUES ('123.456.789.10', 21, '307', 1); 
INSERT INTO CLIENTE_X_CONTA(ID_CLIENTE, CODIGO, ID_BANCO, TIPO_CONTA) VALUES ('123.456.789.20', 22, '307', 1); 
INSERT INTO CLIENTE_X_CONTA(ID_CLIENTE, CODIGO, ID_BANCO, TIPO_CONTA) VALUES ('123.456.789.30', 23, '307', 1); 
INSERT INTO CLIENTE_X_CONTA(ID_CLIENTE, CODIGO, ID_BANCO, TIPO_CONTA) VALUES ('123.456.789.40', 24, '307', 1); 
INSERT INTO CLIENTE_X_CONTA(ID_CLIENTE, CODIGO, ID_BANCO, TIPO_CONTA) VALUES ('123.456.789.50', 25, '307', 1); 
INSERT INTO CLIENTE_X_CONTA(ID_CLIENTE, CODIGO, ID_BANCO, TIPO_CONTA) VALUES ('123.456.789.60', 26, '307', 2); 
INSERT INTO CLIENTE_X_CONTA(ID_CLIENTE, CODIGO, ID_BANCO, TIPO_CONTA) VALUES ('123.456.789.70', 26, '307', 2); 
INSERT INTO CLIENTE_X_CONTA(ID_CLIENTE, CODIGO, ID_BANCO, TIPO_CONTA) VALUES ('123.456.789.80', 26, '307', 2); 
INSERT INTO CLIENTE_X_CONTA(ID_CLIENTE, CODIGO, ID_BANCO, TIPO_CONTA) VALUES ('123.456.789.90', 27, '307', 2); 
INSERT INTO CLIENTE_X_CONTA(ID_CLIENTE, CODIGO, ID_BANCO, TIPO_CONTA) VALUES ('123.456.789.11', 27, '307', 2); 
INSERT INTO CLIENTE_X_CONTA(ID_CLIENTE, CODIGO, ID_BANCO, TIPO_CONTA) VALUES ('123.456.789.12', 27, '307', 2); 
INSERT INTO CLIENTE_X_CONTA(ID_CLIENTE, CODIGO, ID_BANCO, TIPO_CONTA) VALUES ('123.456.789.13', 28, '307', 3); 
INSERT INTO CLIENTE_X_CONTA(ID_CLIENTE, CODIGO, ID_BANCO, TIPO_CONTA) VALUES ('123.456.789.14', 28, '307', 3); 
INSERT INTO CLIENTE_X_CONTA(ID_CLIENTE, CODIGO, ID_BANCO, TIPO_CONTA) VALUES ('123.456.789.15', 29, '307', 3); 
INSERT INTO CLIENTE_X_CONTA(ID_CLIENTE, CODIGO, ID_BANCO, TIPO_CONTA) VALUES ('123.456.789.16', 29, '307', 3); 
INSERT INTO CLIENTE_X_CONTA(ID_CLIENTE, CODIGO, ID_BANCO, TIPO_CONTA) VALUES ('123.456.789.17', 30, '307', 3); 
INSERT INTO CLIENTE_X_CONTA(ID_CLIENTE, CODIGO, ID_BANCO, TIPO_CONTA) VALUES ('123.456.789.18', 30, '307', 3); 

--SELECTS

--BANCO POR PAIS
SELECT DISTINCT PAIS.NOME, BANCO.NOME
FROM AGENCIA, BANCO, ENDERECO, CIDADE, ESTADO, PAIS
WHERE AGENCIA.ID_BANCO = BANCO.CODIGO AND AGENCIA.ID_ENDERECO = ENDERECO.ID_ENDERECO AND ENDERECO.ID_CIDADE = CIDADE.ID_CIDADE AND CIDADE.ID_ESTADO = ESTADO.ID_ESTADO AND ESTADO.ID_PAIS = PAIS.ID_PAIS
ORDER BY PAIS.NOME DESC

--COMPLETO DE AGENCIA
SELECT DISTINCT AGENCIA.NOME, AGENCIA.CODIGO, PAIS.NOME, ESTADO.NOME, CIDADE.NOME, BAIRRO.NOME, ENDERECO.LOGRADOURO, ENDERECO.NUMERO, ENDERECO.COMPLEMENTO, CONTA.CODIGO, CLIENTE.NOME, CLIENTE.CPF, CLIENTE.ESTADO_CIVIL
FROM AGENCIA, ENDERECO, CONTA, CLIENTE_X_CONTA, CLIENTE, PAIS, ESTADO, CIDADE, BAIRRO
WHERE CONTA.CODIGO_AGENCIA = AGENCIA.CODIGO AND AGENCIA.ID_BANCO = CONTA.ID_BANCO AND CLIENTE_X_CONTA.CODIGO = CONTA.CODIGO AND CLIENTE.CPF = CLIENTE_X_CONTA.ID_CLIENTE AND ENDERECO.ID_ENDERECO = AGENCIA.ID_ENDERECO
AND ENDERECO.ID_CIDADE = CIDADE.ID_CIDADE AND CIDADE.ID_ESTADO = ESTADO.ID_ESTADO AND ESTADO.ID_PAIS = PAIS.ID_PAIS AND BAIRRO.ID_CIDADE = CIDADE.ID_CIDADE
ORDER BY AGENCIA.NOME

--GERAL DE CLIENTES
SELECT CLIENTE.NOME, CLIENTE.CPF, CLIENTE.ESTADO_CIVIL, CLIENTE.DATA_NASCIMENTO
FROM CLIENTE

--BANCO POR PAIS MARCOS
SELECT DISTINCT PAIS.NOME AS PAIS,
    BB.CODIGO,
    BB.NOME AS BANCO
FROM BANCO BB
INNER JOIN AGENCIA AG
    ON BB.CODIGO = AG.ID_BANCO
INNER JOIN ENDERECO ENDER
    ON ENDER.ID_ENDERECO = AG.ID_ENDERECO
INNER JOIN CIDADE CITY
    ON CITY.ID_CIDADE = ENDER.ID_CIDADE
INNER JOIN ESTADO
    ON CITY.ID_ESTADO = ESTADO.ID_ESTADO
INNER JOIN PAIS
    ON PAIS.ID_PAIS = ESTADO.ID_PAIS
ORDER BY PAIS.NOME

--COMPLETO AGENCIA MARCOS (N POVOEI CLIENTE_X_ENDERECO)
SELECT AGENCIA.NOME, AGENCIA.CODIGO, ENDERECO.LOGRADOURO, ENDERECO.NUMERO, ENDERECO.COMPLEMENTO, CONTA.CODIGO, CLIENTE.NOME, CLIENTE.CPF, CLIENTE.ESTADO_CIVIL
FROM AGENCIA
INNER JOIN CONTA ON AGENCIA.CODIGO = CONTA.CODIGO_AGENCIA
INNER JOIN CLIENTE_X_CONTA CXC ON CXC.CODIGO = CONTA.CODIGO
INNER JOIN CLIENTE ON CLIENTE.CPF = CXC.ID_CLIENTE
INNER JOIN CLIENTE_X_ENDERECO CXE ON CLIENTE.CPF = CXE.ID_CLIENTE
INNER JOIN ENDERECO ON CXE.ID_ENDERECO = ENDERECO.ID_ENDERECO
INNER JOIN ENDERECO END_AGENCIA ON AGENCIA.ID_ENDERECO = END_AGENCIA.ID_ENDERECO